{"users": [{"first_name": "Лариса", "last_name": "Лукленчан", "birth_date": 1219795200, "gender": "f", "id": 100001, "email": "ytheda@yahoo.com"}, {"first_name": "Оксана", "last_name": "Данленина", "birth_date": 113875200, "gender": "f", "id": 100002, "email": "wimyihafnawenoh@yandex.ru"}, {"first_name": "Василиса", "last_name": "Лукетатина", "birth_date": -1268265600, "gender": "f", "id": 100003, "email": "idohsew@ya.ru"}, {"first_name": "Алина", "last_name": "Клерленная", "birth_date": -1817424000, "gender": "f", "id": 100004, "email": "atlenituferunmifar@ya.ru"}, {"first_name": "Дина", "last_name": "Теролоная", "birth_date": -637113600, "gender": "f", "id": 100005, "email": "potofoeg@gmail.com"}, {"first_name": "Олег", "last_name": "Клерушутев", "birth_date": -138585600, "gender": "m", "id": 100006, "email": "huttugehveebreqne@ya.ru"}, {"first_name": "Анна", "last_name": "Стамленлова", "birth_date": -1127088000, "gender": "f", "id": 100007, "email": "amemnysyn@ya.ru"}, {"first_name": "Ксения", "last_name": "Хопатотина", "birth_date": -1531785600, "gender": "f", "id": 100008, "email": "culnibbedohsaantac@rambler.com"}, {"first_name": "Борислав", "last_name": "Кисетавич", "birth_date": -878774400, "gender": "m", "id": 100009, "email": "toinbivedwazakhail@ya.ru"}, {"first_name": "Маргарита", "last_name": "Клерыкако", "birth_date": 622339200, "gender": "f", "id": 100010, "email": "ocipeten@yandex.ru"}, {"first_name": "Руслан", "last_name": "Пенушулан", "birth_date": -1877126400, "gender": "m", "id": 100011, "email": "ditosalfu@ya.ru"}, {"first_name": "Данила", "last_name": "Данленный", "birth_date": -304387200, "gender": "m", "id": 100012, "email": "mosnollec@yandex.ru"}, {"first_name": "Полина", "last_name": "Клератович", "birth_date": -218678400, "gender": "f", "id": 100013, "email": "astuhuinwo@icloud.com"}, {"first_name": "Никита", "last_name": "Пенашетин", "birth_date": -2021155200, "gender": "m", "id": 100014, "email": "bitsopi@yandex.ru"}, {"first_name": "Андрей", "last_name": "Пенашевич", "birth_date": 1212624000, "gender": "m", "id": 100015, "email": "elarheecbo@me.com"}, {"first_name": "Макар", "last_name": "Лукленло", "birth_date": -1456617600, "gender": "m", "id": 100016, "email": "noutnymacarkeg@rambler.com"}, {"first_name": "Олег", "last_name": "Лебленвен", "birth_date": -1344988800, "gender": "m", "id": 100017, "email": "ruorlefwah@inbox.ru"}, {"first_name": "Григорий", "last_name": "Стамыкатин", "birth_date": -959558400, "gender": "m", "id": 100018, "email": "ritlian@inbox.ru"}, {"first_name": "Руслан", "last_name": "Лебленко", "birth_date": 832809600, "gender": "m", "id": 100019, "email": "toatnapiwit@mail.ru"}, {"first_name": "Карина", "last_name": "Лебушуина", "birth_date": -382924800, "gender": "f", "id": 100020, "email": "hytediestotoh@list.me"}, {"first_name": "Арина", "last_name": "Лукыканая", "birth_date": -1549065600, "gender": "f", "id": 100021, "email": "edagtytidagtielneh@rambler.com"}, {"first_name": "Валерия", "last_name": "Хополоина", "birth_date": -351820800, "gender": "f", "id": 100022, "email": "ruwaluserfonoki@yandex.ru"}, {"first_name": "Владислав", "last_name": "Пенашевен", "birth_date": -510969600, "gender": "m", "id": 100023, "email": "lasewniudotac@ya.ru"}, {"first_name": "Иван", "last_name": "Теретатин", "birth_date": -1240358400, "gender": "m", "id": 100024, "email": "padroeh@list.me"}, {"first_name": "Степан", "last_name": "Стамушутин", "birth_date": -1041638400, "gender": "m", "id": 100025, "email": "rovunessekudme@list.me"}, {"first_name": "Артур", "last_name": "Стыкашевич", "birth_date": -2048544000, "gender": "m", "id": 100026, "email": "etpetecil@yandex.ru"}, {"first_name": "Владислав", "last_name": "Терыкалан", "birth_date": -542246400, "gender": "m", "id": 100027, "email": "netinnid@list.me"}, {"first_name": "Георгий", "last_name": "Стыкетатин", "birth_date": -1416441600, "gender": "m", "id": 100028, "email": "hiavcuposcu@mail.ru"}, {"first_name": "Денис", "last_name": "Данолотев", "birth_date": -1703980800, "gender": "m", "id": 100029, "email": "tyhasombostittutteten@inbox.ru"}, {"first_name": "Яков", "last_name": "Фаашеко", "birth_date": 1202256000, "gender": "m", "id": 100030, "email": "sovogitsulempicnane@list.me"}, {"first_name": "Данила", "last_name": "Фаушуло", "birth_date": -931737600, "gender": "m", "id": 100031, "email": "fefathose@yandex.ru"}, {"first_name": "Василиса", "last_name": "Лебатокая", "birth_date": -2033337600, "gender": "f", "id": 100032, "email": "sovtabtiletgog@rambler.com"}, {"first_name": "Владимир", "last_name": "Лебушуло", "birth_date": -2017699200, "gender": "m", "id": 100033, "email": "otrottonna@icloud.com"}, {"first_name": "Данила", "last_name": "Стыкыкакий", "birth_date": -288403200, "gender": "m", "id": 100034, "email": "meswoegnogin@rambler.com"}, {"first_name": "Елизавета", "last_name": "Лукушутина", "birth_date": -638755200, "gender": "f", "id": 100035, "email": "artetasosehbefpo@inbox.ru"}, {"first_name": "Нелли", "last_name": "Стамолотева", "birth_date": -83721600, "gender": "f", "id": 100036, "email": "wadeidteesot@icloud.com"}, {"first_name": "Светлана", "last_name": "Стаметакая", "birth_date": -603763200, "gender": "f", "id": 100037, "email": "peleliti@me.com"}, {"first_name": "Мирослав", "last_name": "Луколочан", "birth_date": -510624000, "gender": "m", "id": 100038, "email": "ewanodto@yandex.ru"}, {"first_name": "Яна", "last_name": "Лебашечан", "birth_date": 815097600, "gender": "f", "id": 100039, "email": "essekeddasyci@me.com"}, {"first_name": "Евгения", "last_name": "Леболоная", "birth_date": -498960000, "gender": "f", "id": 100040, "email": "hehweshesnos@icloud.com"}, {"first_name": "Кира", "last_name": "Клеретакая", "birth_date": -186969600, "gender": "f", "id": 100041, "email": "nihvahaewhodumli@inbox.ru"}, {"first_name": "Лариса", "last_name": "Колыканая", "birth_date": 696816000, "gender": "f", "id": 100042, "email": "rioklodmoholdacob@inbox.ru"}, {"first_name": "Милена", "last_name": "Колленсян", "birth_date": 464140800, "gender": "f", "id": 100043, "email": "darefrenuofer@me.com"}, {"first_name": "Вера", "last_name": "Клератотина", "birth_date": -2135376000, "gender": "f", "id": 100044, "email": "myihhehisosres@gmail.com"}, {"first_name": "Артём", "last_name": "Колашело", "birth_date": 1144540800, "gender": "m", "id": 100045, "email": "totemhecatocmi@rambler.com"}, {"first_name": "Дмитрий", "last_name": "Хопыкатев", "birth_date": -1864771200, "gender": "m", "id": 100046, "email": "lenaninynteheha@inbox.ru"}, {"first_name": "Яков", "last_name": "Колыкатев", "birth_date": 533865600, "gender": "m", "id": 100047, "email": "etlawolonofsamaro@inbox.ru"}, {"first_name": "Наталья", "last_name": "Фаашетина", "birth_date": -1703116800, "gender": "f", "id": 100048, "email": "rasriedoh@inbox.ru"}, {"first_name": "Сергей", "last_name": "Даныканый", "birth_date": -631929600, "gender": "m", "id": 100049, "email": "meririrpocas@mail.ru"}, {"first_name": "Екатерина", "last_name": "Данашеко", "birth_date": -1401580800, "gender": "f", "id": 100050, "email": "sehtyarsiletrep@rambler.com"}, {"first_name": "Владимир", "last_name": "Леболосян", "birth_date": -584496000, "gender": "m", "id": 100051, "email": "ticlonheobtih@rambler.com"}, {"first_name": "Елизавета", "last_name": "Клерашеная", "birth_date": -1251849600, "gender": "f", "id": 100052, "email": "ewloodrirta@gmail.com"}, {"first_name": "Яков", "last_name": "Фетатотин", "birth_date": -268790400, "gender": "m", "id": 100053, "email": "esdawettedomensypir@yandex.ru"}, {"first_name": "Никита", "last_name": "Клерыкапов", "birth_date": -566179200, "gender": "m", "id": 100054, "email": "avpesesetne@rambler.com"}, {"first_name": "Владислав", "last_name": "Терашевич", "birth_date": -2192140800, "gender": "m", "id": 100055, "email": "soneheni@list.me"}, {"first_name": "Данила", "last_name": "Терашекий", "birth_date": -1949443200, "gender": "m", "id": 100056, "email": "latatetasweb@rambler.com"}, {"first_name": "Юрий", "last_name": "Кисатотин", "birth_date": -2093904000, "gender": "m", "id": 100057, "email": "tommodtaheted@mail.ru"}, {"first_name": "Дария", "last_name": "Фаашетева", "birth_date": -838252800, "gender": "f", "id": 100058, "email": "cawcelyfsuonis@gmail.com"}, {"first_name": "Юлия", "last_name": "Стамолович", "birth_date": 293760000, "gender": "f", "id": 100059, "email": "ytardec@rambler.com"}, {"first_name": "Данила", "last_name": "Хопыкачан", "birth_date": -124416000, "gender": "m", "id": 100060, "email": "ihilhotdeih@me.com"}, {"first_name": "Софья", "last_name": "Терушувич", "birth_date": 251424000, "gender": "f", "id": 100061, "email": "esonneredlitsisiwel@list.me"}]}