{"visits": [{"user": 6264, "location": 37943, "visited_at": 1020323710, "id": 1000001, "mark": 2}, {"user": 18896, "location": 46460, "visited_at": 1032597079, "id": 1000002, "mark": 4}, {"user": 51887, "location": 31910, "visited_at": 1223377347, "id": 1000003, "mark": 4}, {"user": 5642, "location": 2743, "visited_at": 1385401208, "id": 1000004, "mark": 4}, {"user": 75332, "location": 44532, "visited_at": 1155966051, "id": 1000005, "mark": 4}, {"user": 42699, "location": 12657, "visited_at": 1077232516, "id": 1000006, "mark": 3}, {"user": 54563, "location": 55417, "visited_at": 993302753, "id": 1000007, "mark": 3}, {"user": 87996, "location": 72367, "visited_at": 1377891461, "id": 1000008, "mark": 1}, {"user": 42167, "location": 58821, "visited_at": 1195002723, "id": 1000009, "mark": 2}, {"user": 73703, "location": 56594, "visited_at": 974810659, "id": 1000010, "mark": 3}, {"user": 91437, "location": 33175, "visited_at": 1057921762, "id": 1000011, "mark": 4}, {"user": 92086, "location": 59595, "visited_at": 1257774751, "id": 1000012, "mark": 3}, {"user": 76782, "location": 59508, "visited_at": 1316372837, "id": 1000013, "mark": 4}, {"user": 92029, "location": 1053, "visited_at": 979193578, "id": 1000014, "mark": 3}, {"user": 38280, "location": 51063, "visited_at": 1015578577, "id": 1000015, "mark": 1}, {"user": 1802, "location": 40896, "visited_at": 1302040767, "id": 1000016, "mark": 3}, {"user": 11409, "location": 30716, "visited_at": 1077577990, "id": 1000017, "mark": 2}, {"user": 47642, "location": 19982, "visited_at": 950126641, "id": 1000018, "mark": 1}, {"user": 45263, "location": 35696, "visited_at": 1007652452, "id": 1000019, "mark": 1}, {"user": 17166, "location": 41630, "visited_at": 1091350956, "id": 1000020, "mark": 4}, {"user": 45976, "location": 31442, "visited_at": 1034034329, "id": 1000021, "mark": 1}, {"user": 29726, "location": 57794, "visited_at": 1007041170, "id": 1000022, "mark": 1}, {"user": 70661, "location": 46309, "visited_at": 1069651168, "id": 1000023, "mark": 2}, {"user": 28025, "location": 65870, "visited_at": 1182737182, "id": 1000024, "mark": 4}, {"user": 59156, "location": 62990, "visited_at": 1364762090, "id": 1000025, "mark": 4}, {"user": 34912, "location": 55576, "visited_at": 1202001151, "id": 1000026, "mark": 4}, {"user": 65026, "location": 57701, "visited_at": 1378383013, "id": 1000027, "mark": 4}, {"user": 21094, "location": 46580, "visited_at": 1214512792, "id": 1000028, "mark": 4}, {"user": 11953, "location": 57084, "visited_at": 1215003926, "id": 1000029, "mark": 1}, {"user": 2627, "location": 41562, "visited_at": 1337303971, "id": 1000030, "mark": 2}, {"user": 98156, "location": 5523, "visited_at": 1262275797, "id": 1000031, "mark": 1}, {"user": 97633, "location": 59117, "visited_at": 1064939845, "id": 1000032, "mark": 4}, {"user": 74388, "location": 59506, "visited_at": 1298773663, "id": 1000033, "mark": 4}, {"user": 83693, "location": 14253, "visited_at": 1160607400, "id": 1000034, "mark": 2}, {"user": 18422, "location": 71719, "visited_at": 1332090611, "id": 1000035, "mark": 2}, {"user": 6222, "location": 25176, "visited_at": 993476626, "id": 1000036, "mark": 4}, {"user": 27954, "location": 35554, "visited_at": 1356258526, "id": 1000037, "mark": 4}, {"user": 55643, "location": 10993, "visited_at": 1306589741, "id": 1000038, "mark": 4}, {"user": 95073, "location": 62787, "visited_at": 1068536022, "id": 1000039, "mark": 2}, {"user": 13154, "location": 18699, "visited_at": 992206991, "id": 1000040, "mark": 4}, {"user": 8540, "location": 29055, "visited_at": 1269559452, "id": 1000041, "mark": 3}, {"user": 33161, "location": 71616, "visited_at": 1128265590, "id": 1000042, "mark": 1}, {"user": 9119, "location": 35001, "visited_at": 1142645846, "id": 1000043, "mark": 3}, {"user": 76664, "location": 74710, "visited_at": 1021386533, "id": 1000044, "mark": 2}, {"user": 89097, "location": 27159, "visited_at": 948449731, "id": 1000045, "mark": 2}, {"user": 91574, "location": 75488, "visited_at": 968137443, "id": 1000046, "mark": 1}, {"user": 582, "location": 27751, "visited_at": 1315272457, "id": 1000047, "mark": 2}, {"user": 39090, "location": 29403, "visited_at": 1070341357, "id": 1000048, "mark": 3}, {"user": 96168, "location": 57651, "visited_at": 1366955565, "id": 1000049, "mark": 3}, {"user": 63914, "location": 21250, "visited_at": 1149400528, "id": 1000050, "mark": 1}, {"user": 91541, "location": 37318, "visited_at": 1419507316, "id": 1000051, "mark": 4}, {"user": 31314, "location": 27839, "visited_at": 1020072436, "id": 1000052, "mark": 1}, {"user": 28974, "location": 30641, "visited_at": 1006337197, "id": 1000053, "mark": 3}, {"user": 52894, "location": 66049, "visited_at": 1122064976, "id": 1000054, "mark": 4}, {"user": 49151, "location": 6113, "visited_at": 1153725939, "id": 1000055, "mark": 3}, {"user": 73465, "location": 28702, "visited_at": 1062442601, "id": 1000056, "mark": 2}, {"user": 17454, "location": 57344, "visited_at": 1400906349, "id": 1000057, "mark": 2}, {"user": 97801, "location": 22549, "visited_at": 1092088355, "id": 1000058, "mark": 4}, {"user": 34179, "location": 25191, "visited_at": 1411765065, "id": 1000059, "mark": 2}, {"user": 77150, "location": 9579, "visited_at": 1377716352, "id": 1000060, "mark": 4}, {"user": 94774, "location": 72060, "visited_at": 1308625114, "id": 1000061, "mark": 3}, {"user": 94461, "location": 14711, "visited_at": 1294218418, "id": 1000062, "mark": 1}, {"user": 67139, "location": 50073, "visited_at": 1403757528, "id": 1000063, "mark": 2}, {"user": 97119, "location": 42631, "visited_at": 1257324178, "id": 1000064, "mark": 3}, {"user": 52726, "location": 18801, "visited_at": 1024985464, "id": 1000065, "mark": 3}, {"user": 54944, "location": 75254, "visited_at": 976836327, "id": 1000066, "mark": 4}, {"user": 96666, "location": 66436, "visited_at": 1268441138, "id": 1000067, "mark": 2}, {"user": 94253, "location": 46255, "visited_at": 1006059864, "id": 1000068, "mark": 4}, {"user": 60164, "location": 37392, "visited_at": 994256485, "id": 1000069, "mark": 4}, {"user": 4412, "location": 53071, "visited_at": 1033730134, "id": 1000070, "mark": 4}, {"user": 93534, "location": 6287, "visited_at": 1237618793, "id": 1000071, "mark": 1}, {"user": 47716, "location": 9598, "visited_at": 1227002269, "id": 1000072, "mark": 4}, {"user": 97054, "location": 15031, "visited_at": 1329433350, "id": 1000073, "mark": 2}, {"user": 28209, "location": 54574, "visited_at": 1239692535, "id": 1000074, "mark": 3}, {"user": 75708, "location": 48632, "visited_at": 1036686536, "id": 1000075, "mark": 4}, {"user": 43263, "location": 23832, "visited_at": 1022860504, "id": 1000076, "mark": 4}, {"user": 88702, "location": 22873, "visited_at": 1076249498, "id": 1000077, "mark": 4}, {"user": 1613, "location": 35727, "visited_at": 1272684410, "id": 1000078, "mark": 2}, {"user": 50341, "location": 10591, "visited_at": 1254204962, "id": 1000079, "mark": 4}, {"user": 15468, "location": 44132, "visited_at": 1392530725, "id": 1000080, "mark": 3}, {"user": 17067, "location": 5396, "visited_at": 1199929532, "id": 1000081, "mark": 4}, {"user": 37471, "location": 13860, "visited_at": 1074769589, "id": 1000082, "mark": 1}, {"user": 96562, "location": 64440, "visited_at": 1314608635, "id": 1000083, "mark": 3}, {"user": 85232, "location": 70000, "visited_at": 1075873802, "id": 1000084, "mark": 4}, {"user": 96346, "location": 59479, "visited_at": 1238299504, "id": 1000085, "mark": 3}, {"user": 62516, "location": 52649, "visited_at": 1275276053, "id": 1000086, "mark": 2}, {"user": 42065, "location": 10946, "visited_at": 977505297, "id": 1000087, "mark": 2}, {"user": 76337, "location": 17620, "visited_at": 997018462, "id": 1000088, "mark": 3}, {"user": 72881, "location": 52483, "visited_at": 1371860183, "id": 1000089, "mark": 2}, {"user": 13605, "location": 36554, "visited_at": 1298712295, "id": 1000090, "mark": 4}, {"user": 90249, "location": 44341, "visited_at": 988158004, "id": 1000091, "mark": 3}, {"user": 21057, "location": 8753, "visited_at": 1119124105, "id": 1000092, "mark": 4}, {"user": 74839, "location": 2295, "visited_at": 1084631788, "id": 1000093, "mark": 2}, {"user": 49763, "location": 42255, "visited_at": 1059330434, "id": 1000094, "mark": 1}, {"user": 84923, "location": 75401, "visited_at": 1393724537, "id": 1000095, "mark": 1}, {"user": 1380, "location": 37849, "visited_at": 1335542698, "id": 1000096, "mark": 3}, {"user": 48161, "location": 13937, "visited_at": 994685880, "id": 1000097, "mark": 3}, {"user": 48373, "location": 35963, "visited_at": 1121128801, "id": 1000098, "mark": 1}, {"user": 96510, "location": 52506, "visited_at": 1286379999, "id": 1000099, "mark": 3}, {"user": 12395, "location": 72210, "visited_at": 1178143792, "id": 1000100, "mark": 2}, {"user": 43693, "location": 44173, "visited_at": 1010980583, "id": 1000101, "mark": 1}, {"user": 7910, "location": 58930, "visited_at": 949264954, "id": 1000102, "mark": 4}, {"user": 18656, "location": 68974, "visited_at": 1050477199, "id": 1000103, "mark": 1}, {"user": 58557, "location": 66653, "visited_at": 976637262, "id": 1000104, "mark": 2}, {"user": 40701, "location": 75458, "visited_at": 1129101019, "id": 1000105, "mark": 4}, {"user": 38332, "location": 74238, "visited_at": 1031777212, "id": 1000106, "mark": 4}, {"user": 53118, "location": 28103, "visited_at": 1157142044, "id": 1000107, "mark": 3}, {"user": 69176, "location": 55233, "visited_at": 1221023155, "id": 1000108, "mark": 2}, {"user": 67424, "location": 34493, "visited_at": 1235186790, "id": 1000109, "mark": 3}, {"user": 98483, "location": 48074, "visited_at": 1171649434, "id": 1000110, "mark": 3}, {"user": 58026, "location": 32273, "visited_at": 1234400086, "id": 1000111, "mark": 1}, {"user": 61889, "location": 13204, "visited_at": 1377898243, "id": 1000112, "mark": 4}, {"user": 25424, "location": 40253, "visited_at": 1068017175, "id": 1000113, "mark": 1}, {"user": 78715, "location": 40613, "visited_at": 949345435, "id": 1000114, "mark": 1}, {"user": 253, "location": 58889, "visited_at": 1216782581, "id": 1000115, "mark": 3}, {"user": 64963, "location": 38901, "visited_at": 1361121687, "id": 1000116, "mark": 2}, {"user": 82736, "location": 62600, "visited_at": 1122770852, "id": 1000117, "mark": 4}, {"user": 58386, "location": 43602, "visited_at": 972276667, "id": 1000118, "mark": 4}, {"user": 67032, "location": 65326, "visited_at": 1387796731, "id": 1000119, "mark": 1}, {"user": 42186, "location": 35882, "visited_at": 1319298271, "id": 1000120, "mark": 2}, {"user": 46494, "location": 20070, "visited_at": 1208637592, "id": 1000121, "mark": 3}, {"user": 45205, "location": 41715, "visited_at": 1118448126, "id": 1000122, "mark": 3}, {"user": 13760, "location": 61616, "visited_at": 1014103936, "id": 1000123, "mark": 1}, {"user": 87985, "location": 41945, "visited_at": 1289723657, "id": 1000124, "mark": 4}, {"user": 33671, "location": 32463, "visited_at": 1255064975, "id": 1000125, "mark": 4}, {"user": 17728, "location": 15343, "visited_at": 1380001053, "id": 1000126, "mark": 4}, {"user": 2945, "location": 51633, "visited_at": 1014070700, "id": 1000127, "mark": 2}, {"user": 44139, "location": 49069, "visited_at": 990408208, "id": 1000128, "mark": 3}, {"user": 67306, "location": 34122, "visited_at": 1071575899, "id": 1000129, "mark": 4}, {"user": 90557, "location": 30487, "visited_at": 1129006059, "id": 1000130, "mark": 4}, {"user": 11155, "location": 24476, "visited_at": 1326069570, "id": 1000131, "mark": 1}, {"user": 74816, "location": 54806, "visited_at": 1190762992, "id": 1000132, "mark": 2}, {"user": 30424, "location": 34826, "visited_at": 1161761851, "id": 1000133, "mark": 2}, {"user": 7914, "location": 20352, "visited_at": 1175671101, "id": 1000134, "mark": 4}, {"user": 26588, "location": 24775, "visited_at": 1064961750, "id": 1000135, "mark": 2}, {"user": 79304, "location": 29473, "visited_at": 948201470, "id": 1000136, "mark": 2}, {"user": 48055, "location": 5744, "visited_at": 1196593508, "id": 1000137, "mark": 2}, {"user": 64068, "location": 69455, "visited_at": 1208998221, "id": 1000138, "mark": 4}, {"user": 50305, "location": 55803, "visited_at": 1124360777, "id": 1000139, "mark": 2}, {"user": 86197, "location": 56547, "visited_at": 1251372921, "id": 1000140, "mark": 2}, {"user": 31417, "location": 57662, "visited_at": 1028464987, "id": 1000141, "mark": 1}, {"user": 71664, "location": 71540, "visited_at": 1394484082, "id": 1000142, "mark": 2}, {"user": 76132, "location": 21430, "visited_at": 1088258967, "id": 1000143, "mark": 2}, {"user": 7932, "location": 40462, "visited_at": 1309893097, "id": 1000144, "mark": 3}, {"user": 99638, "location": 40644, "visited_at": 1064594849, "id": 1000145, "mark": 2}, {"user": 38781, "location": 27184, "visited_at": 1404290825, "id": 1000146, "mark": 1}, {"user": 2889, "location": 73527, "visited_at": 1010039737, "id": 1000147, "mark": 2}, {"user": 79061, "location": 48140, "visited_at": 1040778815, "id": 1000148, "mark": 1}, {"user": 55547, "location": 12102, "visited_at": 1371628302, "id": 1000149, "mark": 4}, {"user": 72488, "location": 50125, "visited_at": 1168613222, "id": 1000150, "mark": 3}, {"user": 51496, "location": 39595, "visited_at": 1123856827, "id": 1000151, "mark": 3}, {"user": 38795, "location": 19288, "visited_at": 1302288970, "id": 1000152, "mark": 1}, {"user": 20206, "location": 39667, "visited_at": 1082584863, "id": 1000153, "mark": 4}, {"user": 99545, "location": 27341, "visited_at": 1059716296, "id": 1000154, "mark": 4}, {"user": 21746, "location": 68459, "visited_at": 1301268411, "id": 1000155, "mark": 2}, {"user": 37768, "location": 35084, "visited_at": 1262896615, "id": 1000156, "mark": 4}, {"user": 50676, "location": 18795, "visited_at": 1383419691, "id": 1000157, "mark": 2}, {"user": 87513, "location": 50964, "visited_at": 1384953545, "id": 1000158, "mark": 1}, {"user": 24375, "location": 4792, "visited_at": 1059167840, "id": 1000159, "mark": 4}, {"user": 13153, "location": 56024, "visited_at": 1294157104, "id": 1000160, "mark": 2}, {"user": 8330, "location": 12874, "visited_at": 1215850594, "id": 1000161, "mark": 3}, {"user": 73175, "location": 7531, "visited_at": 1284894542, "id": 1000162, "mark": 4}, {"user": 55133, "location": 42661, "visited_at": 1273125717, "id": 1000163, "mark": 1}, {"user": 38929, "location": 54271, "visited_at": 1238271167, "id": 1000164, "mark": 4}, {"user": 55227, "location": 70862, "visited_at": 1303315978, "id": 1000165, "mark": 1}, {"user": 30938, "location": 55548, "visited_at": 1255402185, "id": 1000166, "mark": 4}, {"user": 27999, "location": 36565, "visited_at": 1272745820, "id": 1000167, "mark": 3}, {"user": 4207, "location": 28102, "visited_at": 1020008173, "id": 1000168, "mark": 4}, {"user": 2739, "location": 34883, "visited_at": 1034639283, "id": 1000169, "mark": 2}, {"user": 57066, "location": 33532, "visited_at": 1022439728, "id": 1000170, "mark": 1}, {"user": 35647, "location": 8773, "visited_at": 1274201047, "id": 1000171, "mark": 1}, {"user": 26710, "location": 72099, "visited_at": 1145461617, "id": 1000172, "mark": 3}, {"user": 9441, "location": 57072, "visited_at": 1340085779, "id": 1000173, "mark": 3}, {"user": 98577, "location": 40793, "visited_at": 1034454972, "id": 1000174, "mark": 4}, {"user": 81718, "location": 66393, "visited_at": 1380656049, "id": 1000175, "mark": 3}, {"user": 58720, "location": 20560, "visited_at": 1109613084, "id": 1000176, "mark": 1}, {"user": 25328, "location": 5369, "visited_at": 1301112058, "id": 1000177, "mark": 3}, {"user": 78853, "location": 29697, "visited_at": 1067487702, "id": 1000178, "mark": 2}, {"user": 2384, "location": 56223, "visited_at": 1195320476, "id": 1000179, "mark": 4}, {"user": 39870, "location": 69564, "visited_at": 1043715616, "id": 1000180, "mark": 2}, {"user": 14482, "location": 22016, "visited_at": 1008650992, "id": 1000181, "mark": 2}, {"user": 82083, "location": 51741, "visited_at": 1243051076, "id": 1000182, "mark": 2}, {"user": 87890, "location": 11914, "visited_at": 1187128547, "id": 1000183, "mark": 1}, {"user": 11347, "location": 26624, "visited_at": 1207778449, "id": 1000184, "mark": 4}, {"user": 7205, "location": 12818, "visited_at": 1178497037, "id": 1000185, "mark": 1}, {"user": 22794, "location": 56906, "visited_at": 1148945119, "id": 1000186, "mark": 1}, {"user": 63486, "location": 59839, "visited_at": 1164458779, "id": 1000187, "mark": 1}, {"user": 50086, "location": 7078, "visited_at": 1033609627, "id": 1000188, "mark": 3}, {"user": 46980, "location": 52577, "visited_at": 1156511641, "id": 1000189, "mark": 1}, {"user": 30952, "location": 11394, "visited_at": 1378226804, "id": 1000190, "mark": 2}, {"user": 67459, "location": 46955, "visited_at": 1079921344, "id": 1000191, "mark": 2}, {"user": 41328, "location": 19676, "visited_at": 1032092192, "id": 1000192, "mark": 4}, {"user": 78682, "location": 60724, "visited_at": 1163096017, "id": 1000193, "mark": 2}, {"user": 60675, "location": 13271, "visited_at": 1183649572, "id": 1000194, "mark": 4}, {"user": 76878, "location": 58107, "visited_at": 1328931064, "id": 1000195, "mark": 4}, {"user": 79896, "location": 1798, "visited_at": 1104023472, "id": 1000196, "mark": 3}, {"user": 58521, "location": 20895, "visited_at": 1303368368, "id": 1000197, "mark": 1}, {"user": 25739, "location": 14958, "visited_at": 1390360141, "id": 1000198, "mark": 3}, {"user": 29274, "location": 52092, "visited_at": 1171344872, "id": 1000199, "mark": 1}, {"user": 94545, "location": 24773, "visited_at": 1371911406, "id": 1000200, "mark": 4}, {"user": 30285, "location": 849, "visited_at": 1300868002, "id": 1000201, "mark": 2}, {"user": 35099, "location": 26644, "visited_at": 1359542003, "id": 1000202, "mark": 4}, {"user": 47263, "location": 32610, "visited_at": 1143498740, "id": 1000203, "mark": 3}, {"user": 92663, "location": 38806, "visited_at": 1265177462, "id": 1000204, "mark": 1}, {"user": 39956, "location": 75394, "visited_at": 1387963896, "id": 1000205, "mark": 1}, {"user": 34803, "location": 51686, "visited_at": 1159370844, "id": 1000206, "mark": 1}, {"user": 18786, "location": 27929, "visited_at": 1025054170, "id": 1000207, "mark": 2}, {"user": 52475, "location": 21755, "visited_at": 1390865132, "id": 1000208, "mark": 4}, {"user": 93089, "location": 65024, "visited_at": 1265501409, "id": 1000209, "mark": 1}, {"user": 39446, "location": 38165, "visited_at": 1002479251, "id": 1000210, "mark": 2}, {"user": 83017, "location": 10723, "visited_at": 1347189522, "id": 1000211, "mark": 4}, {"user": 54864, "location": 11812, "visited_at": 1235156776, "id": 1000212, "mark": 3}, {"user": 30925, "location": 43076, "visited_at": 1382858881, "id": 1000213, "mark": 4}, {"user": 47207, "location": 74856, "visited_at": 1302513108, "id": 1000214, "mark": 3}, {"user": 38080, "location": 54264, "visited_at": 984095421, "id": 1000215, "mark": 1}, {"user": 73439, "location": 58382, "visited_at": 1361190474, "id": 1000216, "mark": 4}, {"user": 55423, "location": 56922, "visited_at": 1064784560, "id": 1000217, "mark": 4}, {"user": 71862, "location": 30487, "visited_at": 966399705, "id": 1000218, "mark": 4}, {"user": 46793, "location": 17558, "visited_at": 1037308531, "id": 1000219, "mark": 1}, {"user": 72037, "location": 48929, "visited_at": 1107457931, "id": 1000220, "mark": 3}, {"user": 15054, "location": 1742, "visited_at": 1043556993, "id": 1000221, "mark": 4}, {"user": 54386, "location": 16805, "visited_at": 1207903826, "id": 1000222, "mark": 1}, {"user": 35804, "location": 52733, "visited_at": 1011460638, "id": 1000223, "mark": 3}, {"user": 43659, "location": 16341, "visited_at": 1385813253, "id": 1000224, "mark": 1}, {"user": 35661, "location": 10956, "visited_at": 1297586088, "id": 1000225, "mark": 1}, {"user": 80233, "location": 41107, "visited_at": 1184968913, "id": 1000226, "mark": 2}, {"user": 75455, "location": 20120, "visited_at": 1142717585, "id": 1000227, "mark": 1}, {"user": 15630, "location": 68549, "visited_at": 1366671684, "id": 1000228, "mark": 3}, {"user": 34349, "location": 53286, "visited_at": 965134707, "id": 1000229, "mark": 4}, {"user": 83734, "location": 13278, "visited_at": 1232568903, "id": 1000230, "mark": 2}, {"user": 17300, "location": 10429, "visited_at": 1359039635, "id": 1000231, "mark": 3}, {"user": 42239, "location": 60665, "visited_at": 1246269573, "id": 1000232, "mark": 4}, {"user": 37727, "location": 13115, "visited_at": 949677776, "id": 1000233, "mark": 2}, {"user": 38859, "location": 39502, "visited_at": 1323707270, "id": 1000234, "mark": 3}, {"user": 27804, "location": 10057, "visited_at": 987673914, "id": 1000235, "mark": 1}, {"user": 83076, "location": 68796, "visited_at": 1194835594, "id": 1000236, "mark": 2}, {"user": 79646, "location": 67990, "visited_at": 988149800, "id": 1000237, "mark": 4}, {"user": 97716, "location": 35831, "visited_at": 1319041160, "id": 1000238, "mark": 4}, {"user": 58742, "location": 139, "visited_at": 977291076, "id": 1000239, "mark": 4}, {"user": 74342, "location": 14207, "visited_at": 1229894450, "id": 1000240, "mark": 2}, {"user": 92767, "location": 69398, "visited_at": 1371423660, "id": 1000241, "mark": 4}, {"user": 10187, "location": 23593, "visited_at": 1233772258, "id": 1000242, "mark": 3}, {"user": 78482, "location": 38813, "visited_at": 1330567152, "id": 1000243, "mark": 2}, {"user": 6451, "location": 72363, "visited_at": 1290744321, "id": 1000244, "mark": 1}, {"user": 6707, "location": 32512, "visited_at": 969869916, "id": 1000245, "mark": 3}, {"user": 45251, "location": 39222, "visited_at": 1172890867, "id": 1000246, "mark": 4}, {"user": 30220, "location": 57852, "visited_at": 1064194411, "id": 1000247, "mark": 3}, {"user": 69405, "location": 7744, "visited_at": 1111404114, "id": 1000248, "mark": 1}, {"user": 25305, "location": 13692, "visited_at": 1054315659, "id": 1000249, "mark": 3}, {"user": 60491, "location": 1488, "visited_at": 1229037480, "id": 1000250, "mark": 4}, {"user": 13364, "location": 38935, "visited_at": 1353325902, "id": 1000251, "mark": 2}, {"user": 39238, "location": 74166, "visited_at": 1203369493, "id": 1000252, "mark": 1}, {"user": 45371, "location": 71810, "visited_at": 1151539739, "id": 1000253, "mark": 2}, {"user": 61311, "location": 56430, "visited_at": 1031800927, "id": 1000254, "mark": 1}, {"user": 31391, "location": 8797, "visited_at": 1127131623, "id": 1000255, "mark": 3}, {"user": 73533, "location": 71347, "visited_at": 1324538728, "id": 1000256, "mark": 3}, {"user": 84088, "location": 40226, "visited_at": 1155728311, "id": 1000257, "mark": 4}, {"user": 1355, "location": 38300, "visited_at": 1091818710, "id": 1000258, "mark": 1}, {"user": 37778, "location": 40847, "visited_at": 1024607077, "id": 1000259, "mark": 4}, {"user": 95995, "location": 14066, "visited_at": 1091511482, "id": 1000260, "mark": 1}, {"user": 54548, "location": 60946, "visited_at": 1263100199, "id": 1000261, "mark": 4}, {"user": 84812, "location": 10634, "visited_at": 1310214475, "id": 1000262, "mark": 1}, {"user": 36401, "location": 15912, "visited_at": 1108821482, "id": 1000263, "mark": 3}, {"user": 21296, "location": 41654, "visited_at": 1284021796, "id": 1000264, "mark": 2}, {"user": 76784, "location": 69241, "visited_at": 1289966663, "id": 1000265, "mark": 4}, {"user": 19941, "location": 14000, "visited_at": 1389376117, "id": 1000266, "mark": 1}, {"user": 23556, "location": 38056, "visited_at": 1318759896, "id": 1000267, "mark": 3}, {"user": 58177, "location": 13927, "visited_at": 1180501193, "id": 1000268, "mark": 4}, {"user": 97534, "location": 15581, "visited_at": 1104162131, "id": 1000269, "mark": 1}, {"user": 79403, "location": 21749, "visited_at": 954912909, "id": 1000270, "mark": 4}, {"user": 17387, "location": 4975, "visited_at": 1161574638, "id": 1000271, "mark": 1}, {"user": 31760, "location": 37849, "visited_at": 1062175319, "id": 1000272, "mark": 4}, {"user": 10537, "location": 16573, "visited_at": 1343342684, "id": 1000273, "mark": 2}, {"user": 41409, "location": 30261, "visited_at": 1069482949, "id": 1000274, "mark": 4}, {"user": 41799, "location": 69926, "visited_at": 1174801195, "id": 1000275, "mark": 4}, {"user": 84086, "location": 6004, "visited_at": 1323739420, "id": 1000276, "mark": 2}, {"user": 22824, "location": 37129, "visited_at": 1107249932, "id": 1000277, "mark": 2}, {"user": 8467, "location": 34305, "visited_at": 1078530848, "id": 1000278, "mark": 1}, {"user": 12771, "location": 36083, "visited_at": 1023764675, "id": 1000279, "mark": 2}, {"user": 35675, "location": 45436, "visited_at": 1098356035, "id": 1000280, "mark": 1}, {"user": 47547, "location": 61076, "visited_at": 1012014835, "id": 1000281, "mark": 1}, {"user": 78843, "location": 34720, "visited_at": 1132169735, "id": 1000282, "mark": 3}, {"user": 52347, "location": 26014, "visited_at": 1184163740, "id": 1000283, "mark": 2}, {"user": 55121, "location": 50234, "visited_at": 1387277785, "id": 1000284, "mark": 3}, {"user": 18326, "location": 58001, "visited_at": 1307844624, "id": 1000285, "mark": 4}, {"user": 17012, "location": 22022, "visited_at": 1034966495, "id": 1000286, "mark": 3}, {"user": 93022, "location": 21467, "visited_at": 1320187944, "id": 1000287, "mark": 3}, {"user": 65442, "location": 34763, "visited_at": 1076500608, "id": 1000288, "mark": 1}, {"user": 13566, "location": 4851, "visited_at": 1383583776, "id": 1000289, "mark": 1}, {"user": 26794, "location": 4269, "visited_at": 1169508703, "id": 1000290, "mark": 3}, {"user": 83418, "location": 51819, "visited_at": 1066436538, "id": 1000291, "mark": 2}, {"user": 86067, "location": 18207, "visited_at": 1405037123, "id": 1000292, "mark": 4}, {"user": 92751, "location": 66378, "visited_at": 1057833356, "id": 1000293, "mark": 4}, {"user": 56644, "location": 75094, "visited_at": 1207838293, "id": 1000294, "mark": 2}, {"user": 48968, "location": 61791, "visited_at": 1245158997, "id": 1000295, "mark": 2}, {"user": 93843, "location": 62702, "visited_at": 1252340845, "id": 1000296, "mark": 1}, {"user": 8420, "location": 66385, "visited_at": 1153469901, "id": 1000297, "mark": 4}, {"user": 65575, "location": 27107, "visited_at": 1217992916, "id": 1000298, "mark": 4}, {"user": 8934, "location": 71131, "visited_at": 1033921760, "id": 1000299, "mark": 1}, {"user": 57134, "location": 24233, "visited_at": 1297671695, "id": 1000300, "mark": 3}, {"user": 68525, "location": 51202, "visited_at": 1114659887, "id": 1000301, "mark": 1}, {"user": 13069, "location": 5422, "visited_at": 1025741777, "id": 1000302, "mark": 1}, {"user": 6964, "location": 47791, "visited_at": 1167696680, "id": 1000303, "mark": 3}, {"user": 82143, "location": 5441, "visited_at": 954361739, "id": 1000304, "mark": 3}, {"user": 47592, "location": 55631, "visited_at": 1285904829, "id": 1000305, "mark": 3}, {"user": 5879, "location": 53726, "visited_at": 1095339207, "id": 1000306, "mark": 3}, {"user": 61055, "location": 1738, "visited_at": 1413563337, "id": 1000307, "mark": 3}, {"user": 65923, "location": 34812, "visited_at": 1174266035, "id": 1000308, "mark": 1}, {"user": 16725, "location": 22993, "visited_at": 1128893199, "id": 1000309, "mark": 1}, {"user": 73861, "location": 13048, "visited_at": 1106903206, "id": 1000310, "mark": 3}, {"user": 54768, "location": 2177, "visited_at": 1220851088, "id": 1000311, "mark": 2}, {"user": 32546, "location": 61510, "visited_at": 996211579, "id": 1000312, "mark": 1}, {"user": 10371, "location": 47370, "visited_at": 991113104, "id": 1000313, "mark": 2}, {"user": 71711, "location": 8610, "visited_at": 1378756248, "id": 1000314, "mark": 2}, {"user": 35341, "location": 15183, "visited_at": 1214976119, "id": 1000315, "mark": 2}, {"user": 30710, "location": 8341, "visited_at": 977170339, "id": 1000316, "mark": 1}, {"user": 82930, "location": 48774, "visited_at": 1199551922, "id": 1000317, "mark": 1}, {"user": 92000, "location": 35907, "visited_at": 1264444905, "id": 1000318, "mark": 4}, {"user": 39683, "location": 39336, "visited_at": 1195560676, "id": 1000319, "mark": 3}, {"user": 14918, "location": 4521, "visited_at": 1089122116, "id": 1000320, "mark": 1}, {"user": 5269, "location": 24112, "visited_at": 1106811086, "id": 1000321, "mark": 2}, {"user": 49529, "location": 18116, "visited_at": 977540924, "id": 1000322, "mark": 4}, {"user": 35711, "location": 4750, "visited_at": 1320061751, "id": 1000323, "mark": 3}, {"user": 28591, "location": 72530, "visited_at": 1334101188, "id": 1000324, "mark": 3}, {"user": 84530, "location": 2617, "visited_at": 1214961975, "id": 1000325, "mark": 4}, {"user": 53569, "location": 71166, "visited_at": 1257986165, "id": 1000326, "mark": 2}, {"user": 15599, "location": 62602, "visited_at": 1109785474, "id": 1000327, "mark": 2}, {"user": 58687, "location": 40631, "visited_at": 1307676281, "id": 1000328, "mark": 2}, {"user": 27762, "location": 24695, "visited_at": 1377340792, "id": 1000329, "mark": 3}, {"user": 19781, "location": 59721, "visited_at": 1391221504, "id": 1000330, "mark": 4}, {"user": 84535, "location": 44177, "visited_at": 1064158784, "id": 1000331, "mark": 2}, {"user": 57479, "location": 19898, "visited_at": 1220840030, "id": 1000332, "mark": 2}, {"user": 42974, "location": 69138, "visited_at": 1181313414, "id": 1000333, "mark": 1}, {"user": 287, "location": 41244, "visited_at": 1023858755, "id": 1000334, "mark": 4}, {"user": 81900, "location": 54359, "visited_at": 1218847409, "id": 1000335, "mark": 4}, {"user": 37773, "location": 57048, "visited_at": 1033045854, "id": 1000336, "mark": 2}, {"user": 73014, "location": 27498, "visited_at": 1130992782, "id": 1000337, "mark": 3}, {"user": 86027, "location": 30213, "visited_at": 1323216067, "id": 1000338, "mark": 3}, {"user": 99328, "location": 71359, "visited_at": 962045513, "id": 1000339, "mark": 2}, {"user": 68444, "location": 19236, "visited_at": 1187652024, "id": 1000340, "mark": 4}, {"user": 54460, "location": 27334, "visited_at": 1085574506, "id": 1000341, "mark": 1}, {"user": 39065, "location": 24665, "visited_at": 1356121423, "id": 1000342, "mark": 2}, {"user": 3621, "location": 33075, "visited_at": 1138785203, "id": 1000343, "mark": 1}, {"user": 23949, "location": 47062, "visited_at": 1107707169, "id": 1000344, "mark": 3}, {"user": 2547, "location": 58104, "visited_at": 1019689640, "id": 1000345, "mark": 3}, {"user": 83262, "location": 17228, "visited_at": 1386481587, "id": 1000346, "mark": 3}, {"user": 46028, "location": 56710, "visited_at": 1154425932, "id": 1000347, "mark": 1}, {"user": 49954, "location": 32316, "visited_at": 1308461849, "id": 1000348, "mark": 2}, {"user": 48257, "location": 50400, "visited_at": 1266875583, "id": 1000349, "mark": 4}, {"user": 60571, "location": 12769, "visited_at": 1187758767, "id": 1000350, "mark": 3}, {"user": 6901, "location": 63438, "visited_at": 1028528910, "id": 1000351, "mark": 2}, {"user": 14182, "location": 23357, "visited_at": 1245836771, "id": 1000352, "mark": 4}, {"user": 99906, "location": 23506, "visited_at": 1414337959, "id": 1000353, "mark": 3}, {"user": 16486, "location": 21736, "visited_at": 1169088745, "id": 1000354, "mark": 3}, {"user": 46672, "location": 66018, "visited_at": 1028361780, "id": 1000355, "mark": 4}, {"user": 13799, "location": 2448, "visited_at": 1034645656, "id": 1000356, "mark": 3}, {"user": 67616, "location": 48127, "visited_at": 1199322358, "id": 1000357, "mark": 2}, {"user": 94310, "location": 2783, "visited_at": 1300944941, "id": 1000358, "mark": 2}, {"user": 51072, "location": 52216, "visited_at": 1169836917, "id": 1000359, "mark": 2}, {"user": 72902, "location": 43500, "visited_at": 1404973491, "id": 1000360, "mark": 4}, {"user": 42709, "location": 21863, "visited_at": 1204988454, "id": 1000361, "mark": 3}, {"user": 81887, "location": 13764, "visited_at": 1332896583, "id": 1000362, "mark": 2}, {"user": 67539, "location": 58499, "visited_at": 1148092804, "id": 1000363, "mark": 1}, {"user": 87313, "location": 16764, "visited_at": 1022636493, "id": 1000364, "mark": 3}, {"user": 42821, "location": 65233, "visited_at": 1317959520, "id": 1000365, "mark": 2}, {"user": 38720, "location": 53352, "visited_at": 1415239216, "id": 1000366, "mark": 2}, {"user": 59838, "location": 7285, "visited_at": 1277702964, "id": 1000367, "mark": 1}, {"user": 96163, "location": 17139, "visited_at": 1306576537, "id": 1000368, "mark": 4}, {"user": 19807, "location": 75909, "visited_at": 1299489433, "id": 1000369, "mark": 1}, {"user": 54828, "location": 12745, "visited_at": 1123887341, "id": 1000370, "mark": 1}, {"user": 35824, "location": 22742, "visited_at": 1116792785, "id": 1000371, "mark": 3}, {"user": 89628, "location": 56957, "visited_at": 1163864688, "id": 1000372, "mark": 2}, {"user": 24657, "location": 53320, "visited_at": 1223878471, "id": 1000373, "mark": 2}, {"user": 54850, "location": 29587, "visited_at": 1121119363, "id": 1000374, "mark": 4}, {"user": 8879, "location": 34140, "visited_at": 1024710298, "id": 1000375, "mark": 1}, {"user": 15000, "location": 19315, "visited_at": 989126027, "id": 1000376, "mark": 4}, {"user": 79617, "location": 34828, "visited_at": 969441972, "id": 1000377, "mark": 3}, {"user": 6822, "location": 44336, "visited_at": 1360532893, "id": 1000378, "mark": 1}, {"user": 71710, "location": 4416, "visited_at": 1395101342, "id": 1000379, "mark": 3}, {"user": 5700, "location": 13175, "visited_at": 1330138538, "id": 1000380, "mark": 4}, {"user": 76800, "location": 45441, "visited_at": 1294396283, "id": 1000381, "mark": 1}, {"user": 28198, "location": 44615, "visited_at": 1112573972, "id": 1000382, "mark": 2}, {"user": 82891, "location": 2653, "visited_at": 1165430205, "id": 1000383, "mark": 1}, {"user": 11684, "location": 41277, "visited_at": 1369247203, "id": 1000384, "mark": 3}, {"user": 88618, "location": 33804, "visited_at": 984306878, "id": 1000385, "mark": 1}, {"user": 9393, "location": 34704, "visited_at": 968126164, "id": 1000386, "mark": 1}, {"user": 19418, "location": 43877, "visited_at": 1197521905, "id": 1000387, "mark": 4}, {"user": 34971, "location": 53508, "visited_at": 1207587652, "id": 1000388, "mark": 2}, {"user": 62695, "location": 589, "visited_at": 1035646699, "id": 1000389, "mark": 4}, {"user": 71851, "location": 37968, "visited_at": 1083326110, "id": 1000390, "mark": 2}, {"user": 94414, "location": 35737, "visited_at": 1080493903, "id": 1000391, "mark": 1}, {"user": 33185, "location": 70563, "visited_at": 1000819092, "id": 1000392, "mark": 1}, {"user": 91691, "location": 14332, "visited_at": 992357442, "id": 1000393, "mark": 2}, {"user": 38615, "location": 50488, "visited_at": 947679321, "id": 1000394, "mark": 3}, {"user": 86951, "location": 70741, "visited_at": 1163107492, "id": 1000395, "mark": 1}, {"user": 17059, "location": 70353, "visited_at": 1364760302, "id": 1000396, "mark": 2}, {"user": 19678, "location": 66942, "visited_at": 1305837908, "id": 1000397, "mark": 1}, {"user": 57027, "location": 28705, "visited_at": 982679666, "id": 1000398, "mark": 3}, {"user": 88756, "location": 50418, "visited_at": 1389038611, "id": 1000399, "mark": 2}, {"user": 45775, "location": 63525, "visited_at": 1286803463, "id": 1000400, "mark": 1}, {"user": 73982, "location": 4443, "visited_at": 968880728, "id": 1000401, "mark": 3}, {"user": 17916, "location": 20035, "visited_at": 1237661222, "id": 1000402, "mark": 2}, {"user": 87021, "location": 74944, "visited_at": 1131996455, "id": 1000403, "mark": 3}, {"user": 79613, "location": 72040, "visited_at": 1401745170, "id": 1000404, "mark": 3}, {"user": 54529, "location": 63945, "visited_at": 950244160, "id": 1000405, "mark": 3}, {"user": 24747, "location": 25852, "visited_at": 1330753082, "id": 1000406, "mark": 2}, {"user": 80767, "location": 55182, "visited_at": 1295110894, "id": 1000407, "mark": 3}, {"user": 34943, "location": 18261, "visited_at": 1310181870, "id": 1000408, "mark": 4}, {"user": 58470, "location": 38731, "visited_at": 962649474, "id": 1000409, "mark": 3}, {"user": 84186, "location": 15926, "visited_at": 1299804392, "id": 1000410, "mark": 2}, {"user": 13549, "location": 65784, "visited_at": 1147763782, "id": 1000411, "mark": 1}, {"user": 96670, "location": 3573, "visited_at": 1215096981, "id": 1000412, "mark": 2}, {"user": 17510, "location": 13940, "visited_at": 1091812670, "id": 1000413, "mark": 4}, {"user": 81363, "location": 54473, "visited_at": 1252343623, "id": 1000414, "mark": 4}, {"user": 82600, "location": 54266, "visited_at": 1205961378, "id": 1000415, "mark": 2}, {"user": 84918, "location": 59212, "visited_at": 1344133836, "id": 1000416, "mark": 4}, {"user": 94953, "location": 52678, "visited_at": 1054701741, "id": 1000417, "mark": 4}, {"user": 65416, "location": 44757, "visited_at": 1157657463, "id": 1000418, "mark": 4}, {"user": 47462, "location": 19051, "visited_at": 1066293677, "id": 1000419, "mark": 1}, {"user": 5310, "location": 6332, "visited_at": 1352427742, "id": 1000420, "mark": 2}, {"user": 65544, "location": 72051, "visited_at": 1157015089, "id": 1000421, "mark": 1}, {"user": 47968, "location": 44917, "visited_at": 1202819637, "id": 1000422, "mark": 3}, {"user": 54002, "location": 34056, "visited_at": 990032901, "id": 1000423, "mark": 1}, {"user": 4696, "location": 70486, "visited_at": 960988853, "id": 1000424, "mark": 1}, {"user": 87071, "location": 32843, "visited_at": 1107431810, "id": 1000425, "mark": 2}, {"user": 10033, "location": 52611, "visited_at": 1387200897, "id": 1000426, "mark": 4}, {"user": 68711, "location": 42110, "visited_at": 1278195866, "id": 1000427, "mark": 1}, {"user": 22924, "location": 17003, "visited_at": 1079397743, "id": 1000428, "mark": 1}, {"user": 1075, "location": 39651, "visited_at": 967012385, "id": 1000429, "mark": 2}, {"user": 12441, "location": 51792, "visited_at": 951471442, "id": 1000430, "mark": 4}, {"user": 32441, "location": 28498, "visited_at": 952221234, "id": 1000431, "mark": 2}, {"user": 6890, "location": 4063, "visited_at": 1241806945, "id": 1000432, "mark": 2}, {"user": 81772, "location": 830, "visited_at": 1182009560, "id": 1000433, "mark": 4}, {"user": 39358, "location": 62465, "visited_at": 1235303096, "id": 1000434, "mark": 1}, {"user": 21864, "location": 68452, "visited_at": 1119987205, "id": 1000435, "mark": 4}, {"user": 2233, "location": 50270, "visited_at": 1400379492, "id": 1000436, "mark": 1}, {"user": 90171, "location": 58880, "visited_at": 1223731599, "id": 1000437, "mark": 3}, {"user": 14376, "location": 24260, "visited_at": 1211560591, "id": 1000438, "mark": 3}, {"user": 1246, "location": 28273, "visited_at": 1364054866, "id": 1000439, "mark": 4}, {"user": 99382, "location": 18825, "visited_at": 1158665964, "id": 1000440, "mark": 4}, {"user": 10050, "location": 21856, "visited_at": 1286815688, "id": 1000441, "mark": 2}, {"user": 98625, "location": 7907, "visited_at": 1039186782, "id": 1000442, "mark": 4}, {"user": 18023, "location": 74007, "visited_at": 1154644389, "id": 1000443, "mark": 4}, {"user": 36153, "location": 56147, "visited_at": 1255343866, "id": 1000444, "mark": 2}, {"user": 78679, "location": 69345, "visited_at": 1077298311, "id": 1000445, "mark": 3}, {"user": 16297, "location": 50403, "visited_at": 985444917, "id": 1000446, "mark": 4}, {"user": 80720, "location": 10180, "visited_at": 1394684275, "id": 1000447, "mark": 3}, {"user": 41650, "location": 64452, "visited_at": 1026210337, "id": 1000448, "mark": 1}, {"user": 57573, "location": 47371, "visited_at": 1274487553, "id": 1000449, "mark": 2}, {"user": 86418, "location": 32106, "visited_at": 1003034291, "id": 1000450, "mark": 2}, {"user": 32427, "location": 20961, "visited_at": 1363005227, "id": 1000451, "mark": 3}, {"user": 74816, "location": 13425, "visited_at": 1279898623, "id": 1000452, "mark": 1}, {"user": 67990, "location": 13759, "visited_at": 1236374392, "id": 1000453, "mark": 1}, {"user": 65606, "location": 71264, "visited_at": 1167858465, "id": 1000454, "mark": 2}, {"user": 29158, "location": 8353, "visited_at": 1046594740, "id": 1000455, "mark": 2}, {"user": 55656, "location": 42051, "visited_at": 1326374514, "id": 1000456, "mark": 2}, {"user": 405, "location": 15359, "visited_at": 1374302429, "id": 1000457, "mark": 3}, {"user": 59382, "location": 71033, "visited_at": 1137843641, "id": 1000458, "mark": 3}, {"user": 68759, "location": 52949, "visited_at": 1101893452, "id": 1000459, "mark": 2}, {"user": 77416, "location": 61290, "visited_at": 1037411903, "id": 1000460, "mark": 1}, {"user": 23827, "location": 14156, "visited_at": 1413173034, "id": 1000461, "mark": 4}, {"user": 52880, "location": 47685, "visited_at": 1180686602, "id": 1000462, "mark": 4}, {"user": 3824, "location": 75741, "visited_at": 982445236, "id": 1000463, "mark": 2}, {"user": 74987, "location": 3774, "visited_at": 1345471033, "id": 1000464, "mark": 4}, {"user": 33089, "location": 25436, "visited_at": 1160944314, "id": 1000465, "mark": 3}, {"user": 59950, "location": 45149, "visited_at": 1304861994, "id": 1000466, "mark": 2}, {"user": 55248, "location": 67339, "visited_at": 1383547949, "id": 1000467, "mark": 3}, {"user": 41913, "location": 25027, "visited_at": 1349915867, "id": 1000468, "mark": 4}, {"user": 21618, "location": 4242, "visited_at": 1172263666, "id": 1000469, "mark": 2}, {"user": 15708, "location": 62354, "visited_at": 1297665312, "id": 1000470, "mark": 2}, {"user": 32103, "location": 57027, "visited_at": 1175560069, "id": 1000471, "mark": 1}, {"user": 80301, "location": 12615, "visited_at": 981061816, "id": 1000472, "mark": 4}, {"user": 91899, "location": 21721, "visited_at": 1297825020, "id": 1000473, "mark": 1}, {"user": 58047, "location": 71056, "visited_at": 1365307449, "id": 1000474, "mark": 2}, {"user": 51143, "location": 47424, "visited_at": 962866134, "id": 1000475, "mark": 1}, {"user": 752, "location": 58858, "visited_at": 1125091593, "id": 1000476, "mark": 1}, {"user": 81773, "location": 31739, "visited_at": 1344390954, "id": 1000477, "mark": 2}, {"user": 88286, "location": 6888, "visited_at": 1116387467, "id": 1000478, "mark": 3}, {"user": 10948, "location": 43806, "visited_at": 1172450773, "id": 1000479, "mark": 2}, {"user": 90072, "location": 58764, "visited_at": 1112910007, "id": 1000480, "mark": 3}, {"user": 23960, "location": 51137, "visited_at": 1090751375, "id": 1000481, "mark": 4}, {"user": 20059, "location": 38318, "visited_at": 1048774671, "id": 1000482, "mark": 2}, {"user": 81951, "location": 15735, "visited_at": 1200841513, "id": 1000483, "mark": 1}, {"user": 53526, "location": 46676, "visited_at": 1085475875, "id": 1000484, "mark": 1}, {"user": 97330, "location": 878, "visited_at": 1373956178, "id": 1000485, "mark": 3}, {"user": 53353, "location": 20153, "visited_at": 1398083522, "id": 1000486, "mark": 2}, {"user": 58885, "location": 40700, "visited_at": 1094564788, "id": 1000487, "mark": 4}, {"user": 55178, "location": 26560, "visited_at": 1008000747, "id": 1000488, "mark": 1}, {"user": 93390, "location": 38394, "visited_at": 1274763099, "id": 1000489, "mark": 4}, {"user": 71834, "location": 73770, "visited_at": 1240525082, "id": 1000490, "mark": 2}, {"user": 79034, "location": 23172, "visited_at": 1225342857, "id": 1000491, "mark": 4}, {"user": 80436, "location": 64810, "visited_at": 962119414, "id": 1000492, "mark": 1}, {"user": 14609, "location": 69633, "visited_at": 1365117441, "id": 1000493, "mark": 1}, {"user": 90627, "location": 32536, "visited_at": 1186749637, "id": 1000494, "mark": 3}, {"user": 78452, "location": 949, "visited_at": 1061742255, "id": 1000495, "mark": 4}, {"user": 60834, "location": 34856, "visited_at": 992536309, "id": 1000496, "mark": 3}, {"user": 24769, "location": 16307, "visited_at": 996046364, "id": 1000497, "mark": 4}, {"user": 92412, "location": 27814, "visited_at": 991001642, "id": 1000498, "mark": 4}, {"user": 69912, "location": 1340, "visited_at": 1352339091, "id": 1000499, "mark": 1}, {"user": 94519, "location": 54232, "visited_at": 970663602, "id": 1000500, "mark": 1}, {"user": 66990, "location": 61958, "visited_at": 1226167906, "id": 1000501, "mark": 3}, {"user": 49787, "location": 19401, "visited_at": 1255038863, "id": 1000502, "mark": 1}, {"user": 72796, "location": 2756, "visited_at": 1291191794, "id": 1000503, "mark": 3}, {"user": 15878, "location": 42755, "visited_at": 1259809988, "id": 1000504, "mark": 4}, {"user": 23306, "location": 19862, "visited_at": 1010773373, "id": 1000505, "mark": 4}, {"user": 30513, "location": 574, "visited_at": 1251788390, "id": 1000506, "mark": 4}, {"user": 25726, "location": 41118, "visited_at": 1262292448, "id": 1000507, "mark": 3}, {"user": 36615, "location": 16367, "visited_at": 1165068639, "id": 1000508, "mark": 2}, {"user": 17588, "location": 18838, "visited_at": 1405208568, "id": 1000509, "mark": 1}, {"user": 85345, "location": 54054, "visited_at": 1404088447, "id": 1000510, "mark": 4}, {"user": 32699, "location": 19456, "visited_at": 1282979810, "id": 1000511, "mark": 2}, {"user": 22820, "location": 42022, "visited_at": 1043113052, "id": 1000512, "mark": 2}, {"user": 66628, "location": 48226, "visited_at": 1180804521, "id": 1000513, "mark": 3}, {"user": 57334, "location": 40729, "visited_at": 1208870249, "id": 1000514, "mark": 2}, {"user": 29181, "location": 16373, "visited_at": 1395355763, "id": 1000515, "mark": 1}, {"user": 26866, "location": 71986, "visited_at": 1335982112, "id": 1000516, "mark": 4}, {"user": 89588, "location": 9602, "visited_at": 1347734633, "id": 1000517, "mark": 4}, {"user": 18380, "location": 57092, "visited_at": 1233356113, "id": 1000518, "mark": 3}, {"user": 89627, "location": 31833, "visited_at": 1064662059, "id": 1000519, "mark": 1}, {"user": 38278, "location": 75000, "visited_at": 1084067678, "id": 1000520, "mark": 1}, {"user": 58019, "location": 71701, "visited_at": 974283915, "id": 1000521, "mark": 1}, {"user": 68790, "location": 45786, "visited_at": 1294954377, "id": 1000522, "mark": 3}, {"user": 63922, "location": 45887, "visited_at": 997924593, "id": 1000523, "mark": 1}, {"user": 29851, "location": 25606, "visited_at": 1175427222, "id": 1000524, "mark": 3}, {"user": 69782, "location": 34685, "visited_at": 1163052121, "id": 1000525, "mark": 2}, {"user": 73869, "location": 31153, "visited_at": 1080500934, "id": 1000526, "mark": 4}, {"user": 81223, "location": 20259, "visited_at": 1388207857, "id": 1000527, "mark": 4}, {"user": 49871, "location": 28995, "visited_at": 949182536, "id": 1000528, "mark": 2}, {"user": 55066, "location": 58735, "visited_at": 983772721, "id": 1000529, "mark": 4}, {"user": 41538, "location": 6848, "visited_at": 1002133240, "id": 1000530, "mark": 3}, {"user": 64323, "location": 57163, "visited_at": 962773191, "id": 1000531, "mark": 2}, {"user": 61322, "location": 60854, "visited_at": 1156238847, "id": 1000532, "mark": 4}, {"user": 22282, "location": 67675, "visited_at": 1292508309, "id": 1000533, "mark": 4}, {"user": 38918, "location": 21431, "visited_at": 1281802269, "id": 1000534, "mark": 3}, {"user": 61343, "location": 46760, "visited_at": 1316465379, "id": 1000535, "mark": 1}, {"user": 62097, "location": 53714, "visited_at": 1348405437, "id": 1000536, "mark": 1}, {"user": 11712, "location": 18859, "visited_at": 1182993405, "id": 1000537, "mark": 4}, {"user": 67638, "location": 32807, "visited_at": 964079911, "id": 1000538, "mark": 3}, {"user": 98279, "location": 32661, "visited_at": 1051193644, "id": 1000539, "mark": 4}, {"user": 65114, "location": 17093, "visited_at": 1005017039, "id": 1000540, "mark": 1}, {"user": 85030, "location": 55996, "visited_at": 1166855476, "id": 1000541, "mark": 3}, {"user": 96062, "location": 60316, "visited_at": 1405602978, "id": 1000542, "mark": 4}, {"user": 40867, "location": 12044, "visited_at": 1157574787, "id": 1000543, "mark": 4}, {"user": 4130, "location": 26108, "visited_at": 1187975665, "id": 1000544, "mark": 3}, {"user": 57305, "location": 51565, "visited_at": 1056241612, "id": 1000545, "mark": 1}, {"user": 18164, "location": 19596, "visited_at": 1289079869, "id": 1000546, "mark": 1}, {"user": 45172, "location": 20804, "visited_at": 1290901733, "id": 1000547, "mark": 2}, {"user": 38049, "location": 28827, "visited_at": 987279101, "id": 1000548, "mark": 2}, {"user": 8037, "location": 37842, "visited_at": 1165625630, "id": 1000549, "mark": 4}, {"user": 32933, "location": 54118, "visited_at": 1101916003, "id": 1000550, "mark": 2}, {"user": 20728, "location": 6655, "visited_at": 957814061, "id": 1000551, "mark": 3}, {"user": 35480, "location": 2911, "visited_at": 1144536090, "id": 1000552, "mark": 4}, {"user": 12789, "location": 56360, "visited_at": 1020873886, "id": 1000553, "mark": 3}, {"user": 54066, "location": 48834, "visited_at": 1360213745, "id": 1000554, "mark": 3}, {"user": 7574, "location": 6408, "visited_at": 960151970, "id": 1000555, "mark": 4}, {"user": 35880, "location": 17139, "visited_at": 1407971871, "id": 1000556, "mark": 1}, {"user": 3156, "location": 6889, "visited_at": 983325804, "id": 1000557, "mark": 1}, {"user": 27606, "location": 53650, "visited_at": 1041297230, "id": 1000558, "mark": 3}, {"user": 63317, "location": 41235, "visited_at": 1117918276, "id": 1000559, "mark": 3}, {"user": 78803, "location": 25368, "visited_at": 1197879756, "id": 1000560, "mark": 4}, {"user": 90865, "location": 23443, "visited_at": 1067862892, "id": 1000561, "mark": 4}, {"user": 25561, "location": 25834, "visited_at": 1190257654, "id": 1000562, "mark": 3}, {"user": 16589, "location": 58796, "visited_at": 964388556, "id": 1000563, "mark": 3}, {"user": 60399, "location": 29020, "visited_at": 1281813156, "id": 1000564, "mark": 1}, {"user": 92752, "location": 5570, "visited_at": 1016607833, "id": 1000565, "mark": 4}, {"user": 92236, "location": 21204, "visited_at": 1131876170, "id": 1000566, "mark": 3}, {"user": 26206, "location": 39692, "visited_at": 1328655626, "id": 1000567, "mark": 4}, {"user": 66366, "location": 56937, "visited_at": 1341875047, "id": 1000568, "mark": 1}, {"user": 75979, "location": 60881, "visited_at": 1299147441, "id": 1000569, "mark": 3}, {"user": 84371, "location": 63814, "visited_at": 1236043632, "id": 1000570, "mark": 2}, {"user": 54107, "location": 56692, "visited_at": 1318400344, "id": 1000571, "mark": 4}, {"user": 42989, "location": 26820, "visited_at": 1242916756, "id": 1000572, "mark": 2}, {"user": 384, "location": 75013, "visited_at": 1140191347, "id": 1000573, "mark": 4}, {"user": 97208, "location": 54708, "visited_at": 1223512979, "id": 1000574, "mark": 1}, {"user": 50505, "location": 75431, "visited_at": 1352908517, "id": 1000575, "mark": 2}, {"user": 89409, "location": 54868, "visited_at": 1278386237, "id": 1000576, "mark": 3}, {"user": 78905, "location": 42436, "visited_at": 1312161833, "id": 1000577, "mark": 3}, {"user": 42079, "location": 50572, "visited_at": 1167099455, "id": 1000578, "mark": 3}, {"user": 58440, "location": 497, "visited_at": 1074965192, "id": 1000579, "mark": 2}, {"user": 98673, "location": 73027, "visited_at": 1228264881, "id": 1000580, "mark": 3}, {"user": 10494, "location": 39418, "visited_at": 1023743936, "id": 1000581, "mark": 1}, {"user": 78634, "location": 67632, "visited_at": 950838279, "id": 1000582, "mark": 3}, {"user": 69668, "location": 25606, "visited_at": 1328496714, "id": 1000583, "mark": 3}, {"user": 85268, "location": 25331, "visited_at": 1116059019, "id": 1000584, "mark": 1}, {"user": 71122, "location": 73979, "visited_at": 1063907766, "id": 1000585, "mark": 4}, {"user": 69791, "location": 73492, "visited_at": 1075314942, "id": 1000586, "mark": 1}, {"user": 6375, "location": 53715, "visited_at": 1020274177, "id": 1000587, "mark": 2}, {"user": 91892, "location": 28619, "visited_at": 1386602117, "id": 1000588, "mark": 2}, {"user": 51710, "location": 57725, "visited_at": 1281041766, "id": 1000589, "mark": 3}, {"user": 66269, "location": 17531, "visited_at": 1261545875, "id": 1000590, "mark": 3}, {"user": 33905, "location": 60898, "visited_at": 1235176909, "id": 1000591, "mark": 1}, {"user": 41458, "location": 23804, "visited_at": 1158405707, "id": 1000592, "mark": 4}, {"user": 23527, "location": 72927, "visited_at": 1206827092, "id": 1000593, "mark": 1}, {"user": 74763, "location": 13610, "visited_at": 963379270, "id": 1000594, "mark": 4}, {"user": 19421, "location": 38165, "visited_at": 1272676424, "id": 1000595, "mark": 1}, {"user": 77800, "location": 67136, "visited_at": 949988019, "id": 1000596, "mark": 4}, {"user": 19554, "location": 44204, "visited_at": 1219346538, "id": 1000597, "mark": 2}, {"user": 40892, "location": 57094, "visited_at": 1171831690, "id": 1000598, "mark": 4}, {"user": 90212, "location": 58995, "visited_at": 1026930240, "id": 1000599, "mark": 1}, {"user": 97287, "location": 12880, "visited_at": 1077381072, "id": 1000600, "mark": 1}, {"user": 14048, "location": 30198, "visited_at": 1301376443, "id": 1000601, "mark": 3}, {"user": 63578, "location": 7583, "visited_at": 947738296, "id": 1000602, "mark": 2}, {"user": 71967, "location": 9751, "visited_at": 1148284197, "id": 1000603, "mark": 2}, {"user": 59544, "location": 76, "visited_at": 1318504407, "id": 1000604, "mark": 4}, {"user": 19887, "location": 62004, "visited_at": 1020079856, "id": 1000605, "mark": 3}, {"user": 91205, "location": 70562, "visited_at": 1225242746, "id": 1000606, "mark": 3}, {"user": 25181, "location": 7732, "visited_at": 1323980646, "id": 1000607, "mark": 2}, {"user": 8335, "location": 73567, "visited_at": 1179715208, "id": 1000608, "mark": 2}, {"user": 43188, "location": 48756, "visited_at": 1023001680, "id": 1000609, "mark": 1}, {"user": 57095, "location": 62090, "visited_at": 1106094006, "id": 1000610, "mark": 1}]}